feature_set,true_score,pvalue
tda,0.5,0.5894105894105894
fc,0.35,0.916083916083916
combined,0.7,0.11188811188811189
