dimension,mean,std,median,min,max
0,47.255703528225425,8.462818432869769,45.43547208607197,34.051035046577454,65.75496032834053
1,4.432821637392044,1.199588705022413,4.077657490968704,2.7232353687286377,7.025587797164917
2,1.484342847764492,0.8496203907191521,1.2403411865234375,0.4972279667854309,3.866144984960556
