statistic,pvalue,effect_size,n_a,n_b,dimension,adhd_mean,control_mean,cohen_d
8554.0,0.1397063260436899,-0.1088210512670944,111,139,0,54.24371064843627,51.9707297304605,0.22147458718989688
8060.0,0.5436512011913195,-0.04478579298723173,111,139,1,6.111500447397834,5.962665263858201,0.08452558508448305
8274.0,0.3251137502638648,-0.07252576317324522,111,139,2,3.055042223618911,2.690839964601633,0.1793295889752285
