dimension,mean,std,median,min,max
0,52.97993325804174,10.284005551288585,52.23241901770234,22.06459703668952,81.10361215472221
1,6.028748085349799,1.755330885935245,5.987855792045593,1.6920386627316475,11.18133544921875
2,2.8525457676053048,2.030847998916458,2.2898532897233963,0.2235725224018097,10.88296890258789
